type,price,position,capital,stop_loss,take_profit,reason,profit
buy,84574.9,0.07882559325126802,3333.333333333333,82037.65299999999,89649.394,signal,
close_long,84426.57,,9988.307799753042,,,signal,-11.692200246959576
buy,84503.91,0.0787995711263778,3329.435933251014,81968.7927,89574.14460000001,signal,
close_long,84524.31,,9989.91531100402,,,signal,1.6075112509776484
buy,84462.69,0.07885071551319697,3329.9717703346732,81928.8093,89530.4514,signal,
close_long,84385.72,,9983.84617143097,,,signal,-6.069139573050863
buy,84440.3,0.0788237067800641,3327.948723810324,81907.091,89506.71800000001,signal,
close_long,85233.12,,10046.33918264034,,,signal,62.493011209369826
buy,85271.12,0.07854428855975577,3348.779727546779,82712.9864,90387.3872,signal,
close_long,85132.57,,10035.456871460388,,,signal,-10.882311179953248
buy,84960.0,0.07874652284573438,3345.152290486795,82411.2,90057.6,signal,
close_long,85059.79,,10043.314986975163,,,signal,7.85811551477533
buy,85200.0,0.07858618925645668,3347.7716623250544,82644.0,90312.0,signal,
close_long,85116.71,,10036.769543271994,,,signal,-6.545443703169774
buy,85178.51,0.0785547868296201,3345.589847757331,82623.1547,90289.2206,signal,
close_long,85111.0,,10031.466309613126,,,signal,-5.303233658867241
buy,85159.99,0.07853035452926604,3343.822103204375,82605.1903,90269.58940000001,signal,
close_long,85095.89,,10026.4325138878,,,signal,-5.033795725326411
buy,84812.73,0.0788123238409124,3342.144171295933,82268.34809999999,89901.4938,signal,
close_long,84657.84,,10014.22527304808,,,signal,-12.207240839718876
buy,84694.48,0.07882627276337317,3338.075091016026,82153.64559999999,89776.1488,signal,
close_long,84533.94,,10001.570503218649,,,signal,-12.654769829431425
buy,84551.14,0.07886012735975449,3333.856834406217,82014.60579999999,89624.2084,signal,
close_long,84453.89,,9993.901355832913,,,signal,-7.6691473857361245
buy,84466.06,0.07887903027427358,3331.3004519443048,81932.07819999999,89534.0236,signal,
close_long,84403.56,,9988.97141644077,,,signal,-4.929939392142098
buy,84436.3,0.07886790725821928,3329.65713881359,81903.211,89502.478,signal,
close_long,84364.94,,9983.343402578823,,,signal,-5.628013861946574
buy,84227.65,0.07901873397139636,3327.781134192941,81700.82049999999,89281.309,signal,
close_long,84005.01,,9965.75067164743,,,signal,-17.59273093139164
buy,84098.64,0.07900049015178234,3321.9168905491424,81575.6808,89144.55840000001,signal,
close_long,87240.65,,10213.971001709233,,,signal,248.22033006180123
buy,86974.0,0.07829137444684031,3404.657000569744,84364.78,92192.44,signal,
take_profit,93417.73,,10718.459479973571,,,take_profit,504.488478264338
buy,93014.07,0.07682321237330776,3572.8198266578565,90223.64790000001,98594.91420000001,signal,
close_long,92827.34,,10704.114281527103,,,signal,-14.345198446468563
buy,92866.64,0.07684219206902215,3568.0380938423677,90080.6408,98438.63840000001,signal,
close_long,93500.0,,10752.78305229594,,,signal,48.66877076883591
buy,93528.01,0.07664572393728852,3584.26101743198,90722.1697,99139.6906,signal,
close_long,92764.35,,10694.251778753991,,,signal,-58.531273541948906
buy,92716.9,0.07689537922251494,3564.750592917996,89935.393,98279.914,signal,
close_long,93357.22,,10743.48942797775,,,signal,49.2376492237613
buy,93368.29,0.07671047938565118,3581.1631426592503,90567.2413,98970.38739999999,signal,
close_long,93062.44,,10720.02752785765,,,signal,-23.461900120100744
buy,92724.98,0.07707399902994605,3573.3425092858834,89943.2306,98288.4788,signal,
close_long,92605.14,,10710.7909798139,,,signal,-9.236548043748465
buy,92682.21,0.07704312747695521,3570.2636599379666,89901.7437,98243.1426,signal,
close_long,92576.61,,10702.655225552335,,,signal,-8.13575426156692
buy,92624.97,0.07703218131894193,3567.551741850778,89846.2209,98182.4682,signal,
close_long,92446.3,,10688.891885716079,,,signal,-13.76333983625522
buy,92542.69,0.07700152139310755,3562.9639619053587,89766.4093,98095.25140000001,signal,
close_long,92421.96,,10679.59549203829,,,signal,-9.296393677789561
buy,92480.89,0.07698596248398482,3559.8651640127637,89706.4633,98029.7434,signal,
close_long,92125.02,,10652.198497569116,,,signal,-27.39699446917532
buy,92061.4,0.07713836271277733,3550.7328325230374,89299.55799999999,97585.084,signal,
close_long,91876.11,,10637.905530342065,,,signal,-14.292967227050017
buy,92017.75,0.07707140220477075,3545.9685101140203,89257.2175,97538.815,signal,
close_long,93391.38,,10743.773120552603,,,signal,105.8675902105396
buy,93427.98,0.07666349431617527,3581.257706850867,90625.1406,99033.6588,signal,
close_long,93220.06,,10727.833246814385,,,signal,-15.939873738219028
buy,93244.04,0.07670076104820846,3575.944415604795,90446.71879999999,98838.6824,signal,
close_long,93204.29,,10724.78439156272,,,signal,-3.048855251666286
buy,93235.48,0.07668600259302374,3574.928130520907,90438.4156,98829.6088,signal,
close_long,94700.01,,10837.093342940281,,,signal,112.30895137756097
buy,94741.91,0.07625694790503507,3612.36444764676,91899.6527,100426.42460000001,signal,
close_long,94778.51,,10839.884347233605,,,signal,2.7910042933236174
buy,94770.0,0.07625397873612329,3613.2947824112007,91926.9,100456.20000000001,signal,
close_long,94609.45,,10827.64177094752,,,signal,-12.242576286084816
buy,94840.0,0.07611163904785267,3609.213923649173,91994.8,100530.40000000001,signal,
close_long,94679.14,,10815.398452690282,,,signal,-12.243318257237625
buy,94597.61,0.07622037845487699,3605.132817563426,91759.6817,100273.4666,signal,
close_long,94526.63,,10809.988330227556,,,signal,-5.410122462726858
buy,94554.97,0.07621660592582674,3603.329443409186,91718.32089999999,100228.2682,signal,
close_long,94158.66,,10779.782927133092,,,signal,-30.20540309446422
buy,94245.0,0.07625361506098002,3593.2609757110295,91417.65,99899.70000000001,signal,
close_long,94209.03,,10777.040084599348,,,signal,-2.74284253374354
buy,94144.06,0.07631595014845227,3592.346694866449,91319.73819999999,99792.70360000001,signal,
close_long,94159.26,,10778.200087041605,,,signal,1.1600024422562525
buy,94220.71,0.07626207364277347,3592.7333623472014,91394.08870000001,99873.95260000002,signal,
close_long,94173.92,,10774.63178461586,,,signal,-3.5683024257459923
buy,94279.73,0.0761891008428914,3591.5439282052857,91451.3381,99936.5138,signal,
close_long,94208.11,,10769.175121213491,,,signal,-5.456663402367528
buy,94285.71,0.07614568613641447,3589.725040404496,91457.13870000001,99942.85260000001,signal,
close_long,94194.73,,10762.2473866888,,,signal,-6.927734524691786
buy,94234.66,0.07613792622720628,3587.4157955629325,91407.6202,99888.73960000002,signal,
close_long,94105.19,,10752.389809380162,,,signal,-9.857577308636484
buy,94062.17,0.07620768129121525,3584.1299364600536,91240.3049,99705.9002,signal,
close_long,93954.0,,10744.146424494891,,,signal,-8.24338488527062
buy,94014.11,0.07618818369919786,3581.3821414982967,91193.68669999999,99654.9566,signal,
close_long,93956.53,,10739.75950887749,,,signal,-4.3869156173999455
buy,93970.76,0.0761922077951162,3579.919836292497,91151.6372,99609.0056,signal,
close_long,94029.19,,10744.21141957896,,,signal,4.451910701469217
buy,94095.23,0.07612296195091547,3581.4038065263203,91272.3731,99740.9438,signal,
close_long,93945.47,,10732.81124479719,,,signal,-11.400174781768703
buy,94000.01,0.07611922058871548,3577.6037482657302,91180.0097,99640.0106,signal,
close_long,93883.81,,10723.966191364783,,,signal,-8.845053432408518
buy,93988.54,0.07606577136152119,3574.6553971215944,91168.8838,99627.8524,signal,
close_long,93920.5,,10718.790676281345,,,signal,-5.175515083437415
buy,93999.99,0.07601980011757693,3572.9302254271142,91179.9903,99639.9894,signal,
close_long,93863.12,,10708.385846239253,,,signal,-10.404830042093508
buy,93845.27,0.07607121698827053,3569.461948746418,91029.9119,99475.98620000001,signal,
close_long,93754.01,,10701.443586976902,,,signal,-6.9422592623502775
buy,93881.82,0.07599230313868297,3567.1478623256326,91065.36540000001,99514.72920000002,signal,
close_long,93725.18,,10689.54015261326,,,signal,-11.903434363644362
buy,93588.03,0.07614606378339381,3563.1800508710858,90780.3891,99203.31180000001,signal,
close_long,93445.44,,10678.682485378386,,,signal,-10.857667234873857
buy,93552.66,0.07609747982493414,3559.560828459462,90746.0802,99165.8196,signal,
close_long,93340.01,,10662.500356293613,,,signal,-16.18212908477291
buy,92949.99,0.0764748180270101,3554.1667854312036,90161.4903,98526.9894,signal,
close_long,93965.7,,10740.176593711825,,,signal,77.6762374182138
buy,94512.29,0.07575858895325907,3580.0588645706084,91676.92129999999,100183.02739999999,signal,
close_long,94111.49,,10709.81255125936,,,signal,-30.364042452465352
buy,93833.51,0.07609088729786306,3569.937517086453,91018.50469999999,99463.5206,signal,
close_long,93602.95,,10692.269036283964,,,signal,-17.54351497539513
buy,93880.0,0.07592862545294678,3564.08967876132,91063.59999999999,99512.8,signal,
close_long,93674.62,,10676.674815188439,,,signal,-15.594221095526562
buy,93862.03,0.0758324021984782,3558.8916050628122,91046.1691,99493.7518,signal,
close_long,93809.86,,10672.718638765744,,,signal,-3.956176422694475
buy,93839.95,0.07582213928265268,3557.5728795885816,91024.7515,99470.34700000001,signal,
close_long,94619.91,,10731.856874520643,,,signal,59.13823575489827
buy,94657.36,0.07558388750415634,3577.285624840214,91817.6392,100336.8016,signal,
close_long,94557.15,,10724.282613153851,,,signal,-7.574261366791991
buy,94695.66,0.07549999379171726,3574.7608710512823,91854.7902,100377.3996,signal,
close_long,94536.14,,10712.238854144196,,,signal,-12.043759009655046
buy,94439.31,0.07561991473073516,3570.7462847147317,91606.1307,100105.6686,signal,
close_long,94697.1,,10731.732911962634,,,signal,19.494057818436833
buy,94836.01,0.0754406328142136,3577.2443039875443,91990.9297,100526.1706,signal,
close_long,94709.55,,10722.192689536949,,,signal,-9.540222425684838
buy,94911.43,0.07531367359749296,3574.0642298456487,92064.08709999999,100606.1158,signal,
close_long,94740.68,,10709.332879770176,,,signal,-12.859809766771923
buy,94878.47,0.0752494770750426,3569.7776265900584,92032.1159,100571.17820000001,signal,
close_long,94812.01,,10704.331799523768,,,signal,-5.001080246407813
buy,94967.99,0.07514343727483873,3568.1105998412568,92118.9503,100666.06940000001,signal,
close_long,94861.23,,10696.309486160306,,,signal,-8.022313363462482
buy,94896.91,0.07514336336950841,3565.436495386769,92050.0027,100590.72460000002,signal,
close_long,94839.32,,10691.981979863856,,,signal,-4.3275062964497275
buy,94915.44,0.07509829788047029,3563.9939932879515,92067.9768,100610.36640000001,signal,
close_long,94676.66,,10674.050008295959,,,signal,-17.931971567898607
buy,94668.09,0.07516823608529519,3558.016669431987,91828.04729999999,100348.17540000001,signal,
close_long,94258.39,,10643.253581971814,,,signal,-30.79642632414522
buy,94244.7,0.0752880786715986,3547.7511939906053,91417.359,99899.382,signal,
close_long,93883.46,,10616.056516432487,,,signal,-27.19706553932758
buy,94005.36,0.07528688801314086,3538.685505477496,91185.1992,99645.68160000001,signal,
close_long,94695.53,,10668.017267932515,,,signal,51.960751500029296
buy,94609.93,0.07517193503847863,3556.005755977505,91771.63209999999,100286.5258,signal,
close_long,94393.99,,10651.784640280308,,,signal,-16.23262765220816
buy,94545.98,0.07510832041919575,3550.5948800934348,91709.60059999999,100218.7388,signal,
close_long,94083.99,,10617.085347329845,,,signal,-34.699292950463544
buy,93961.4,0.07532941078166032,3539.0284491099474,91142.55799999999,99599.084,signal,
close_long,93946.59,,10615.969718756169,,,signal,-1.115628573676214
buy,94004.5,0.07528696121821239,3538.6565729187223,91184.36499999999,99644.77,signal,
close_long,93830.4,,10602.862258808078,,,signal,-13.107459948091215
buy,94036.62,0.07516832101372195,3534.2874196026924,91215.5214,99678.8172,signal,
close_long,96495.49,,10787.691388299088,,,signal,184.82912949101123
buy,96642.85,0.07441620625701807,3595.8971294330286,93743.56450000001,102441.42100000002,signal,
close_long,96326.01,,10764.113357508613,,,signal,-23.57803079047443
buy,96724.0,0.07419126144154925,3588.0377858362035,93822.28,102527.44,signal,
close_long,96580.0,,10753.429815861029,,,signal,-10.683541647583091
buy,96697.0,0.07413832084319079,3584.476605287009,93796.09,102498.82,signal,
close_long,96464.55,,10736.196363181029,,,signal,-17.233452679999484
buy,96609.23,0.07408675384454141,3578.732121060343,93710.9531,102405.7838,signal,
close_long,96431.39,,10723.020774877315,,,signal,-13.175588303712987
buy,96427.25,0.07413548054709511,3574.340258292438,93534.4325,102212.88500000001,signal,
close_long,96277.51,,10711.919728020193,,,signal,-11.10104685712241
buy,96301.9,0.07415512901282456,3570.639909340064,93412.843,102080.014,signal,
close_long,96676.04,,10739.664127989052,,,signal,27.744399968858136
buy,96694.09,0.0740456431755657,3579.8880426630167,93793.26729999999,102495.7354,signal,
close_long,96572.01,,10730.62463587018,,,signal,-9.03949211887319
buy,96714.29,0.0739678671812282,3576.8748786233928,93812.86129999999,102517.1474,signal,
close_long,96486.24,,10713.7562637595,,,signal,-16.86837211067823
buy,96499.37,0.0740160705281254,3571.252087919833,93604.38889999999,102289.3322,signal,
close_long,96492.01,,10713.211505480413,,,signal,-0.544758279087046
buy,96754.49,0.07381715312285361,3571.0705018268036,93851.8553,102559.75940000001,signal,
close_long,97266.0,,10750.969717474283,,,signal,37.75821199387047
buy,96970.0,0.07391268583049249,3583.656572491427,94060.9,102788.20000000001,signal,
close_long,96932.3,,10748.183209218474,,,signal,-2.7865082558093515
buy,96688.73,0.07410848681963572,3582.7277364061574,93788.06809999999,102490.0538,signal,
close_long,96543.59,,10737.427103441472,,,signal,-10.756105777001885
buy,96460.0,0.0742098770021527,3579.1423678138226,93566.2,102247.6,signal,
close_long,96337.5,,10728.336393508709,,,signal,-9.090709932763707
buy,96375.28,0.07421222809769415,3576.112131169568,93484.0216,102157.79680000001,signal,
close_long,96194.82,,10714.9440548262,,,signal,-13.392338682509282
buy,96232.57,0.0742295050059538,3571.6480182753994,93345.5929,102006.52420000001,signal,
close_long,96179.32,,10710.991333684633,,,signal,-3.9527211415670394
buy,96353.38,0.07410908562961765,3570.330444561543,93462.7786,102134.5828,signal,
close_long,96281.0,,10705.627318066761,,,signal,-5.364015617872071
buy,96335.23,0.07408592763738847,3568.542439355587,93445.1731,102115.3438,signal,
close_long,96250.04,,10699.315937891333,,,signal,-6.311380175429297
buy,96328.48,0.07404743946886275,3566.438645963778,93438.6256,102108.1888,signal,
close_long,96266.53,,10694.728699016237,,,signal,-4.5872388750958315
buy,96337.13,0.07400904648786498,3564.909566338745,93447.01610000001,102117.35780000001,signal,
close_long,95896.5,,10662.118092862289,,,signal,-32.61060615394829
buy,95985.61,0.07405358708013482,3554.0393642874296,93106.0417,101744.7466,signal,
close_long,95911.0,,10656.59295473024,,,signal,-5.525138132048902
buy,95925.74,0.07406140732564058,3552.1976515767465,93047.9678,101681.2844,signal,
close_long,96153.53,,10673.463402704947,,,signal,16.870447974707194
buy,96123.91,0.07402572646566255,3557.8211342349814,93240.1927,101891.34460000001,signal,
close_long,95980.01,,10662.811100666539,,,signal,-10.652302038409488
buy,96071.42,0.07399225215758957,3554.2703668888444,93189.27739999999,101835.7052,signal,
close_long,96200.01,,10672.325764371482,,,signal,9.514663704944185
buy,95929.52,0.07416782490847783,3557.44192145716,93051.6344,101685.2912,signal,
close_long,95786.23,,10661.698256740347,,,signal,-10.627507631136393
buy,95872.18,0.07413828326243231,3553.899418913449,92996.0146,101624.5108,signal,
close_long,95690.49,,10648.228072054397,,,signal,-13.47018468595042
buy,95991.6,0.07395249912182869,3549.4093573514656,93111.852,101751.096,signal,
close_long,95800.01,,10634.059512747644,,,signal,-14.168559306751977
buy,95678.67,0.07409564753041017,3544.6865042492145,92808.3099,101419.39020000001,signal,
close_long,95514.74,,10621.913013247984,,,signal,-12.146499499659623
buy,95511.1,0.07414086260304115,3540.6376710826607,92645.767,101241.76600000002,signal,
close_long,95442.79,,10616.84845092357,,,signal,-5.064562324414647
buy,95478.0,0.07413120265697208,3538.9494836411895,92613.66,101206.68000000001,signal,
close_long,95300.0,,10603.653096850629,,,signal,-13.195354072941031
buy,95442.48,0.07406662174502471,3534.5510322835435,92579.20559999999,101169.0288,signal,
close_long,95382.26,,10599.192804889142,,,signal,-4.460291961485474
buy,95474.05,0.0740109855672066,3533.0642682963808,92609.8285,101202.493,signal,
close_long,95446.58,,10597.159723115612,,,signal,-2.0330817735312516
buy,95530.98,0.07395269208735995,3532.3865743718707,92665.05059999999,101262.8388,signal,
close_long,95450.03,,10591.17325269114,,,signal,-5.986470424471573
buy,95479.98,0.07395039429690665,3530.3910842303785,92615.58059999999,101208.7788,signal,
close_long,95405.79,,10585.686872938251,,,signal,-5.486379752887677
buy,95436.08,0.07394608602908706,3528.5622909794165,92572.9976,101162.2448,signal,
close_long,94794.25,,10538.226056542202,,,signal,-47.460816396049076
buy,95015.82,0.07394015057381816,3512.742018847399,92165.3454,100716.76920000001,signal,
close_long,94755.76,,10518.997180983974,,,signal,-19.228875558228054
buy,94560.0,0.07416100663412277,3506.332393661324,91723.2,100233.6,signal,
close_long,94470.7,,10512.374603091546,,,signal,-6.622577892427379
buy,94059.43,0.07450874128616733,3504.124867697181,91237.64709999999,99702.9958,signal,
close_long,94095.82,,10515.08597618695,,,signal,2.71137309540467
buy,94140.0,0.07446417375672369,3505.028658728982,91315.8,99788.40000000001,signal,
close_long,94454.18,,10538.481130297838,,,signal,23.395154110886928
buy,94222.07,0.07456484544295434,3512.8270434326123,91395.4079,99875.39420000001,signal,
close_long,94005.0,,10522.295339297536,,,signal,-16.185791000302622
buy,94107.17,0.07454122315580938,3507.431779765846,91283.9549,99753.6002,signal,
close_long,93826.59,,10501.38056290448,,,signal,-20.914776393057128
buy,94080.0,0.07441454480516213,3500.460187634827,91257.59999999999,99724.8,signal,
close_long,93879.37,,10486.45077278022,,,signal,-14.929790124260025
buy,93901.25,0.07445020361127759,3495.4835909267395,91084.2125,99535.32500000001,signal,
close_long,93731.67,,10473.825507251819,,,signal,-12.625265528400584
buy,93770.31,0.0744644049717643,3491.2751690839386,90957.2007,99396.5286,signal,
close_long,94484.68,,10527.020644231497,,,signal,53.19513697967892
buy,94153.99,0.07453761399618856,3509.006881410499,91329.37030000001,99803.22940000001,signal,
close_long,94428.58,,10547.48792765871,,,signal,20.467283427213157
buy,94479.28,0.07442540436844078,3515.8293092195718,91644.9016,100148.0368,signal,
close_long,94203.81,,10526.985961517337,,,signal,-20.501966141374467
buy,94261.17,0.07445261544081788,3508.995320505778,91433.3349,99916.8402,signal,
close_long,94180.01,,10520.94338724816,,,signal,-6.042574269177039
buy,94205.85,0.07445357436046106,3506.9811290827192,91379.67450000001,99858.20100000002,signal,
close_long,94069.11,,10510.76260549011,,,signal,-10.180781758049836
buy,94009.51,0.07453687473029848,3503.5875351633686,91189.22469999999,99650.0806,signal,
close_long,93940.77,,10505.63894072115,,,signal,-5.123664768960023
buy,93860.65,0.07461869584127215,3501.8796469070494,91044.8305,99492.289,signal,
close_long,93740.29,,10496.657834489695,,,signal,-8.98110623145556
buy,93952.68,0.07448187629836421,3498.885944829898,91134.09959999999,99589.84079999999,signal,
close_long,93465.62,,10460.380691819813,,,signal,-36.2771426698811
buy,93955.7,0.07422207623252103,3486.7935639399375,91137.029,99593.042,signal,
close_long,96440.0,,10644.770595804264,,,signal,184.38990398445222
buy,96562.94,0.07349106945724909,3548.2568652680875,93666.0518,102356.7164,signal,
close_long,96725.14,,10656.69084727023,,,signal,11.920251465965588
buy,97003.32,0.07323935474421721,3552.2302824234102,94093.2204,102823.51920000001,signal,
close_long,96635.4,,10629.744623872737,,,signal,-26.946223397493334
buy,96418.1,0.07349757375342553,3543.2482079575784,93525.557,102203.18600000002,signal,
close_long,96170.56,,10611.551034465814,,,signal,-18.193589406923554
buy,96593.59,0.07323847634517512,3537.18367815527,93695.78229999999,102389.2054,signal,
close_long,96248.26,,10586.259591429534,,,signal,-25.291443036279453
buy,96469.07,0.0731582298273048,3528.753197143179,93574.9979,102257.21420000002,signal,
close_long,99285.72,,10792.320719472613,,,signal,206.06112804307764
buy,99392.38,0.07238865272819112,3597.4402398242046,96410.6086,105355.92280000001,signal,
close_long,99262.74,,10782.936254532931,,,signal,-9.384464939682655
buy,99333.64,0.07236847627539493,3594.3120848443104,96353.6308,105293.6584,signal,
close_long,99118.86,,10767.392953198501,,,signal,-15.54330133442924
buy,99373.38,0.07223526027593105,3589.1309843994995,96392.1786,105335.78280000002,signal,
close_long,99174.6,,10753.034028160851,,,signal,-14.35892503764949
buy,99393.43,0.07212437836290825,3584.3446760536162,96411.62709999998,105357.0358,signal,
close_long,99371.95,,10751.484796513618,,,signal,-1.5492316472349752
buy,99746.03,0.07185906577945086,3583.8282655045386,96753.6491,105730.7918,signal,
close_long,102604.88,,10956.9190867172,,,signal,205.43429020358352
buy,102917.28,0.07097557110407633,3652.3063622390673,99829.7616,109092.3168,signal,
close_long,102730.98,,10943.696337820511,,,signal,-13.222748896689627
buy,102738.43,0.07101332537928609,3647.8987792735043,99656.27709999999,108902.7358,signal,
close_long,102559.98,,10931.024009906578,,,signal,-12.672327913933396
buy,102619.04,0.07101361832987055,3643.6746699688592,99540.46879999999,108776.1824,signal,
close_long,103051.98,,10961.768645826312,,,signal,30.74463591973432
buy,103038.59,0.0709233867028286,3653.922881942104,99947.4323,109220.9054,signal,
close_long,102628.22,,10932.663815625074,,,signal,-29.104830201239444
buy,102842.25,0.07087011946695107,3644.221271875025,99756.9825,109012.785,signal,
close_long,102582.68,,10914.268058715037,,,signal,-18.395756910036983
buy,102841.7,0.07075124882037176,3638.089352905011,99756.449,109012.202,signal,
close_long,102904.76,,10918.729632465649,,,signal,4.461573750612478
buy,102899.98,0.07074008263471415,3639.5765441552157,99812.9806,109073.9788,signal,
close_long,103190.47,,10939.278919070208,,,signal,20.549286604558485
buy,103364.97,0.07055439200256598,3646.426306356735,100264.0209,109566.86820000001,signal,
close_long,103259.99,,10931.872118997779,,,signal,-7.406800072429089
buy,103296.9,0.07055308287081723,3643.957372999259,100197.99299999999,109494.71399999999,signal,
close_long,103102.57,,10918.161538403494,,,signal,-13.710580594285009
buy,103205.57,0.0705269527500857,3639.3871794678307,100109.4029,109397.90420000002,signal,
close_long,103132.02,,10912.974281028724,,,signal,-5.1872573747690085
buy,103214.17,0.07048757149674781,3637.658093676242,100117.74489999999,109407.0202,signal,
close_long,103208.0,,10912.539372712588,,,signal,-0.4349083161348109
buy,103273.74,0.07044410562138119,3637.5131242375282,100175.5278,109470.16440000001,signal,
close_long,104015.85,,10964.816647935271,,,signal,52.27727522268324
buy,103975.75,0.070303679129895,3654.9388826450904,100856.4775,110214.29500000001,signal,
close_long,103765.79,,10950.05568746516,,,signal,-14.760960470113206
buy,103798.54,0.07032889985713454,3650.018562488385,100684.5838,110026.4524,signal,
close_long,103635.86,,10938.6145820364,,,signal,-11.441105428758156
buy,103685.24,0.07033218731381245,3646.2048606788003,100574.68280000001,109906.35440000001,signal,
close_long,103939.31,,10956.48388086722,,,signal,17.869298830819798
buy,103984.13,0.07024459008547566,3652.1612936224064,100864.6061,110223.1778,signal,
close_long,103857.14,,10947.563520372263,,,signal,-8.920360494954922
buy,103957.38,0.07020545997069352,3649.1878401240874,100838.6586,110194.82280000001,signal,
close_long,103921.41,,10945.038229977117,,,signal,-2.5252903951459276
buy,104002.52,0.07015880147248431,3648.346076659038,100882.44440000001,110242.67120000001,signal,
close_long,103920.63,,10939.292925724536,,,signal,-5.7453042525816995
buy,103962.87,0.07014871704179602,3646.430975241512,100843.98389999999,110200.6422,signal,
close_long,104111.12,,10949.692473025982,,,signal,10.39954730144626
buy,104343.95,0.06995896726180408,3649.897491008661,101213.63149999999,110604.587,signal,
close_long,103980.34,,10924.254692939918,,,signal,-25.43778008606462
buy,104163.94,0.06991706018378284,3641.4182309799726,101039.0218,110413.7764,signal,
close_long,103953.2,,10909.520371676786,,,signal,-14.734321263130761
buy,103895.13,0.0700034119127418,3636.5067905589285,100778.2761,110128.83780000001,signal,
close_long,103888.89,,10909.083550386451,,,signal,-0.4368212903358756
buy,103952.38,0.06996205730858977,3636.3611834621497,100833.8086,110189.5228,signal,
close_long,103953.52,,10909.163307131783,,,signal,0.07975674533175162
buy,103965.02,0.06995406280004424,3636.3877690439276,100846.06940000001,110202.92120000001,signal,
close_long,104401.35,,10939.686363353327,,,signal,30.523056221543424
buy,104444.45,0.06982778158375627,3646.562121117774,101311.11649999999,110711.117,signal,
close_long,104380.95,,10935.252299222757,,,signal,-4.434064130568523
buy,103997.55,0.07009942252949072,3645.0840997409186,100877.6235,110237.403,signal,
close_long,103890.89,,10927.77549481576,,,signal,-7.476804406995726
buy,104209.08,0.06990929833763533,3642.591831605252,101082.8076,110461.6248,signal,
close_long,103948.14,,10909.533362507536,,,signal,-18.242132308222725
buy,104053.91,0.06989667415353917,3636.511120835845,100932.2927,110297.14460000001,signal,
close_long,104000.01,,10905.76593177066,,,signal,-3.7674307368763715
buy,103089.19,0.07052641136457122,3635.255310590219,99996.5143,109274.5414,signal,
close_long,102397.01,,10856.94896035233,,,signal,-48.81697141832944
buy,102904.76,0.07033655171605493,3618.98298678411,99817.6172,109079.0456,signal,
close_long,100766.79,,10706.571522879956,,,signal,-150.37743747237406
buy,101630.59,0.07023194835911745,3568.857174293318,98581.67229999999,107728.42540000001,signal,
close_long,102260.01,,10750.776915816152,,,signal,44.20539293619558
buy,102593.87,0.06985977437583847,3583.592305272049,99516.0539,108749.5022,signal,
close_long,102261.21,,10727.537363272286,,,signal,-23.239552543865653
buy,102499.99,0.06977260754381398,3575.8457877574283,99424.9903,108649.9894,signal,
close_long,102095.46,,10699.312250342588,,,signal,-28.225112929698987
buy,102067.99,0.06988356323624796,3566.437416780863,99005.9503,108192.06940000001,signal,
close_long,101602.31,,10666.768872614732,,,signal,-32.54337772785648
buy,101842.29,0.06982540601168553,3555.5896242049103,98787.0213,107952.8274,signal,
close_long,104140.79,,10827.26256833259,,,signal,160.4936957178592
buy,104185.92,0.06928167496678113,3609.0875227775286,101060.3424,110437.0752,signal,
close_long,104013.7,,10815.330878269811,,,signal,-11.931690062779127
buy,104091.83,0.06926788188384438,3605.1102927566026,100969.0751,110337.3398,signal,
close_long,103983.03,,10807.794532720849,,,signal,-7.53634554896247
buy,103920.76,0.06933356102425765,3602.5981775736154,100803.1372,110156.0056,signal,
close_long,103761.9,,10796.780203216535,,,signal,-11.014329504313611
buy,103708.57,0.06940461592336124,3598.9267344055106,100597.3129,109931.08420000001,signal,
close_long,103554.4,,10786.080093579629,,,signal,-10.700109636905491
buy,103600.0,0.06940849481067972,3595.3600311932096,100492.0,109816.0,signal,
close_long,103569.03,,10783.930512495343,,,signal,-2.1495810842868317
buy,103636.55,0.06937018849363692,3594.643504165115,100527.4535,109854.743,signal,
close_long,103525.63,,10776.235971187629,,,signal,-7.694541307714086
buy,103641.83,0.06931716001275823,3592.0786570625423,100532.5751,109860.3398,signal,
close_long,103488.6,,10765.614502758875,,,signal,-10.62146842875466
buy,103334.86,0.06945455130217029,3588.538167586291,100234.8142,109534.9516,signal,
close_long,102899.99,,10735.410802034101,,,signal,-30.20370072477447
buy,103291.0,0.06928910103193309,3578.4702673447,100192.27,109488.46,signal,
close_long,103385.46,,10741.955850517577,,,signal,6.545048483476843
buy,103094.17,0.06946371361586258,3580.651950172526,100001.3449,109279.8202,signal,
close_long,102874.27,,10726.68077989345,,,signal,-15.275070624127776
buy,102994.95,0.0694317587408797,3575.5602599644817,99905.10149999999,109174.647,signal,
close_long,102784.17,,10712.045953786048,,,signal,-14.634826107402542
buy,102840.01,0.06944149430937142,3570.681984595348,99754.8097,109010.4106,signal,
close_long,102674.0,,10700.517971315749,,,signal,-11.527982470298387
buy,102457.12,0.06962599229359398,3566.8393237719156,99383.40639999999,108604.5472,signal,
close_long,102287.23,,10688.68921148499,,,signal,-11.82875983075864
buy,102356.47,0.06961741458704722,3562.8964038283293,99285.7759,108497.8582,signal,
close_long,102088.01,,10669.999720364951,,,signal,-18.689491120039143
buy,102056.51,0.06969994512755696,3556.6665734549824,98994.81469999999,108179.9006,signal,
close_long,101673.43,,10643.299065385487,,,signal,-26.700654979464645
buy,101733.81,0.06974606288958403,3547.766355128494,98681.79569999999,107837.8386,signal,
close_long,102799.34,,10717.615587776225,,,signal,74.31652239073838
buy,102974.66,0.06938675066776122,3572.53852925874,99885.42020000001,109153.13960000001,signal,
close_long,103869.37,,10779.696607466176,,,signal,62.08101968995207
buy,104029.68,0.06908090465122503,3593.2322024887244,100908.78959999999,110271.4608,signal,
close_long,103930.89,,10772.872104895683,,,signal,-6.8245025704940785
buy,103954.43,0.06908714459400261,3590.95736829856,100835.7971,110191.6958,signal,
close_long,103966.29,,10773.691478430568,,,signal,0.8193735348849113
buy,103993.45,0.06906647472144042,3591.2304928101894,100873.64649999999,110233.057,signal,
close_long,103915.45,,10768.304293402296,,,signal,-5.387185028272353
buy,103831.97,0.0691392981269147,3589.4347644674326,100717.0109,110061.8882,signal,
close_long,103118.77,,10718.99414597818,,,signal,-49.310147424115364
buy,103627.51,0.06895848503277545,3572.998048659392,100518.6847,109845.1606,signal,
close_long,103584.21,,10716.008243576262,,,signal,-2.985902401918374
buy,103634.92,0.06893434660554096,3572.0027478587526,100525.8724,109853.01520000001,signal,
close_long,103508.99,,10707.327341308226,,,signal,-8.680902268035291
buy,103634.99,0.0688784572424701,3569.1091137694093,100525.9403,109853.08940000001,signal,
close_long,103641.8,,10707.796403602048,,,signal,0.469062293821061
buy,103793.96,0.06877597632593167,3569.265467867348,100680.1412,110021.59760000001,signal,
close_long,103648.03,,10697.759925376804,,,signal,-10.03647822524373
buy,103731.54,0.06875285906534506,3565.9199751256,100619.59379999999,109955.4324,signal,
close_long,103624.67,,10690.41230732849,,,signal,-7.347618048313107
buy,103690.43,0.06873287668128095,3563.4707691094964,100579.7171,109911.8558,signal,
close_long,103571.43,,10682.233095003417,,,signal,-8.179212325072433
buy,103445.81,0.06884269870381679,3560.74436500114,100342.4357,109652.5586,signal,
close_long,103520.64,,10687.384594147425,,,signal,5.15149914400673
buy,103536.99,0.06881524238598156,3562.461531382475,100430.8803,109749.2094,signal,
close_long,103408.23,,10678.523943537806,,,signal,-8.860650609619627
buy,103380.95,0.06886197082110909,3559.5079811792684,100279.52149999999,109583.807,signal,
close_long,103057.5,,10656.250539075718,,,signal,-22.273404462087534
buy,102958.49,0.06900030319064002,3552.083513025239,99869.7353,109135.99940000002,signal,
close_long,102688.94,,10637.651507350682,,,signal,-18.599031725037218
buy,102829.57,0.0689662289900378,3545.8838357835593,99744.6829,108999.3442,signal,
close_long,103480.0,,10682.509211672672,,,signal,44.85770432198981
buy,103492.4,0.06881348589637289,3560.8364038908912,100387.628,109701.944,signal,
close_long,103340.98,,10672.089473638243,,,signal,-10.419738034428661
buy,102912.0,0.06913407878341525,3557.363157879413,99824.64,109086.72,signal,
close_long,102772.01,,10662.411393949353,,,signal,-9.678079688890664
buy,102807.25,0.06914176055319933,3554.137131316451,99723.0325,108975.68500000001,signal,
close_long,103835.0,,10733.471838357902,,,signal,71.06044440855061
buy,103835.78,0.06891312312806434,3577.8239461193007,100720.70659999999,110065.9268,signal,
close_long,104161.55,,10755.921666479331,,,signal,22.449828121429803
buy,104746.14,0.06845707578646387,3585.3072221597768,101603.7558,111030.9084,signal,
close_long,104231.57,,10720.69570899189,,,signal,-35.2259574874402
buy,103931.18,0.06876791423575929,3573.56523633063,100813.24459999999,110167.0508,signal,
close_long,104180.38,,10737.832673219444,,,signal,17.136964227552014
buy,104702.02,0.06837074504846831,3579.2775577398133,101560.9594,110984.14120000001,signal,
close_long,104590.02,,10730.175149774015,,,signal,-7.657523445428451
buy,104893.21,0.06819745624954507,3576.725049924671,101746.4137,111186.80260000001,signal,
close_long,104610.95,,10710.925735773017,,,signal,-19.249414000997227
buy,103525.23,0.06897465629568765,3570.3085785910052,100419.47309999999,109736.7438,signal,
close_long,102980.02,,10673.320063414045,,,signal,-37.605672358971304
buy,102960.01,0.06910980980812548,3557.7733544713483,99871.20969999999,109137.6106,signal,
close_long,102620.01,,10649.822728079282,,,signal,-23.497335334762663
buy,102463.19,0.06929202398168084,3549.9409093597606,99389.2943,108610.9814,signal,
close_long,102808.79,,10673.77005156735,,,signal,23.947323488068292
buy,103043.44,0.0690567657780534,3557.92335052245,99952.1368,109226.0464,signal,
close_long,102782.51,,10655.751069672882,,,signal,-18.018981894468
buy,102479.95,0.06931925753719229,3551.917023224294,99405.5515,108628.747,signal,
close_long,105454.54,,10861.94743995044,,,signal,206.19637027755655
buy,105582.38,0.06858434421823313,3620.6491466501457,102414.9086,111917.32280000001,signal,
close_long,105136.36,,10831.357450742224,,,signal,-30.589989208216622
buy,105052.13,0.0687363975119922,3610.4524835807415,101900.5661,111355.2578,signal,
close_long,105090.91,,10834.023048237737,,,signal,2.6655974955149775
buy,104700.33,0.06898432920085822,3611.3410160792455,101559.3201,110982.34980000001,signal,
close_long,104570.24,,10825.048876851997,,,signal,-8.974171385739405
buy,104782.61,0.06887306253618482,3608.349625617332,101639.1317,111069.5666,signal,
close_long,104519.84,,10806.951102209365,,,signal,-18.097774642633564
buy,104612.0,0.06887005380013361,3602.317034069787,101473.64,110888.72,signal,
close_long,106423.56,,10931.713336871535,,,signal,124.76223466216989
buy,106472.7,0.06844767617659447,3643.9044456238444,103278.519,112861.062,signal,
close_long,106103.64,,10906.4520375018,,,signal,-25.2612993697338
buy,106184.78,0.06847467240598135,3635.4840125006003,102999.23659999999,112555.8668,signal,
close_long,110798.0,,11222.340765738521,,,signal,315.88872823672136
buy,110481.22,0.06771793894466722,3740.7802552461735,107166.7834,117110.0932,signal,
close_long,110804.88,,11244.258353857353,,,signal,21.91758811883123
buy,110956.53,0.06755954098334638,3748.086117952451,107627.8341,117613.92180000001,signal,
close_long,111247.81,,11263.937096954982,,,signal,19.678743097629056
buy,111179.99,0.06754175277376791,3754.645698984993,107844.5903,117850.78940000001,signal,
close_long,111039.5,,11254.448156107796,,,signal,-9.488940847187008
buy,110822.0,0.06770285175691827,3751.4827187025985,107497.34,117471.32,signal,
close_long,110649.07,,11242.740301953472,,,signal,-11.707854154323403
buy,110703.82,0.067704621225377,3747.5801006511565,107382.7054,117346.04920000001,signal,
close_long,110461.44,,11226.330055860864,,,signal,-16.410246092607192
buy,110622.03,0.0676557828240955,3742.1100186202875,107303.3691,117259.3518,signal,
close_long,110650.86,,11228.280572079682,,,signal,1.9505162188187914
buy,110747.49,0.06759088067265863,3742.760190693227,107425.0653,117392.33940000001,signal,
close_long,109746.39,,11160.615341438282,,,signal,-67.66523064139895
buy,108678.55,0.06846254599114106,3720.205113812759,105418.1935,115199.263,signal,
close_long,108770.54,,11166.913211044008,,,signal,6.297869605724428
buy,108318.19,0.06872907318117734,3722.304403681336,105068.6443,114817.2814,signal,
close_long,108188.22,,11157.98049340265,,,signal,-8.932717641357698
buy,107318.3,0.06931393492319982,3719.3268311342154,104098.751,113757.39800000002,signal,
close_long,106913.88,,11129.948551841011,,,signal,-28.03194156164035
buy,107407.05,0.06908266916582609,3709.98285061367,104184.8385,113851.47300000001,signal,
close_long,107954.32,,11167.755424195393,,,signal,37.80687235438192
buy,107894.5,0.06900416872775654,3722.5851413984647,104657.665,114368.17000000001,signal,
close_long,108684.85,,11222.292868949375,,,signal,54.53744475398278
buy,108724.11,0.06881204710987823,3740.764289649792,105462.3867,115247.55660000001,signal,
close_long,108916.79,,11235.551574186506,,,signal,13.258705237130858
buy,108809.11,0.06883952746350318,3745.183858062167,105544.8367,115337.6566,signal,
close_long,108722.18,,11229.567354064104,,,signal,-5.984220122402852
buy,108812.12,0.06880095926853311,3743.189118021367,105547.7564,115340.8472,signal,
close_long,108702.4,,11222.01851281316,,,signal,-7.548841250943533
buy,108240.01,0.06911811699951594,3740.6728376043857,104992.8097,114734.4106,signal,
close_long,107910.46,,11199.24063735597,,,signal,-22.777875457189673
buy,108008.13,0.06912591140041013,3733.0802124519896,104767.8861,114488.6178,signal,
close_long,107743.99,,11180.981719118667,,,signal,-18.258918237304293
buy,107938.07,0.06905800532421766,3726.993906372888,104699.92790000001,114414.35420000002,signal,
close_long,107502.44,,11150.897980259277,,,signal,-30.08373885938926
buy,107638.2,0.06906406821035208,3716.965993419758,104409.05399999999,114096.492,signal,
close_long,107583.42,,11147.114650602714,,,signal,-3.7833296565630063
buy,107723.7,0.06898583846515183,3715.7048835342384,104491.989,114187.122,signal,
close_long,107497.89,,11131.5369584189,,,signal,-15.577692183815774
buy,107595.4,0.06897157907258056,3710.512319472966,104367.53799999999,114051.124,signal,
close_long,107306.02,,11111.577962866877,,,signal,-19.958995552022678
buy,107181.82,0.06911357394296208,3703.8593209556248,103966.36540000001,113612.72920000002,signal,
close_long,106912.01,,11092.930429481326,,,signal,-18.647533385551444
buy,107133.28,0.06902884848655386,3697.643476493776,103919.2816,113561.2768,signal,
close_long,107067.41,,11088.383499231517,,,signal,-4.546930249808981
buy,107175.8,0.06897317926392288,3696.127833077171,103960.526,113606.34800000001,signal,
close_long,106952.32,,11072.969373129616,,,signal,-15.414126101901203
buy,106976.23,0.06900579298865188,3690.9897910432055,103766.94309999999,113394.8038,signal,
close_long,109571.43,,11252.053207093766,,,signal,179.08383396414916
buy,109712.78,0.06837278943008443,3750.684402364588,106421.3966,116295.54680000001,signal,
close_long,109621.74,,11245.828548344052,,,signal,-6.2246587497144485
buy,109802.82,0.06827892974178047,3748.609516114684,106508.7354,116390.98920000001,signal,
close_long,109716.13,,11239.909447924736,,,signal,-5.919100419315108
buy,110010.42,0.0681142110473095,3746.6364826415784,106710.1074,116611.04520000001,signal,
close_long,109300.91,,11191.581734044561,,,signal,-48.327713880176205
buy,109391.6,0.06820500376046279,3730.527244681519,106109.852,115955.096,signal,
close_long,109204.76,,11178.838311141955,,,signal,-12.743422902605621
buy,109269.73,0.06820332469106162,3726.2794370473193,105991.6381,115825.9138,signal,
close_long,109101.97,,11167.396521391784,,,signal,-11.44178975017214
buy,109181.81,0.06818838242616777,3722.465507130595,105906.3557,115732.71860000001,signal,
close_long,108954.36,,11151.887073808952,,,signal,-15.509447582831662
buy,109085.35,0.06815389401545946,3717.295691269651,105812.7895,115630.471,signal,
close_long,108723.26,,11127.209230324894,,,signal,-24.67784348405847
buy,108584.54,0.06831671881543416,3709.0697434416306,105327.00379999999,115099.6124,signal,
close_long,108217.39,,11102.126747011807,,,signal,-25.082483313086254
buy,108499.19,0.06821634181177948,3700.7089156706015,105244.21429999999,115009.14140000001,signal,
close_long,109485.97,,11169.441268784834,,,signal,67.31452177302768
buy,110163.39,0.06759318299109976,3723.147089594945,106858.4883,116773.1934,signal,
close_long,109652.18,,11134.886957707953,,,signal,-34.55431107688054
buy,109908.91,0.06754009271682616,3711.62898590265,106611.6427,116503.4446,signal,
close_long,109703.4,,11121.006793253717,,,signal,-13.880164454235574
buy,109127.94,0.06793864640747192,3707.0022644179053,105854.1018,115675.61640000001,signal,
close_long,108695.93,,11091.656618619225,,,signal,-29.35017463449258
buy,108902.49,0.06789962052976153,3697.2188728730744,105635.41530000001,115436.63940000001,signal,
close_long,108938.17,,11094.079277079727,,,signal,2.422658460501417
buy,109035.19,0.06783179679318654,3698.0264256932414,105764.1343,115577.30140000001,signal,
close_long,108900.01,,11084.909774789223,,,signal,-9.16950229050347
buy,108937.97,0.067836217710496,3694.969924929741,105669.8309,115474.2482,signal,
close_long,108816.44,,11076.665639250867,,,signal,-8.2441355383565
buy,108904.41,0.06780665502435189,3692.2218797502883,105637.2777,115438.67460000001,signal,
close_long,108467.75,,11047.057185267933,,,signal,-29.60845398293373
buy,108708.58,0.06774722648551404,3682.3523950893114,105447.3226,115231.0948,signal,
close_long,107349.06,,10954.953475916347,,,signal,-92.10370935158632
buy,107401.0,0.06800031952474898,3651.6511586387815,104178.97,113845.06000000001,signal,
close_long,107419.3,,10956.19788176365,,,signal,1.2444058473031043
buy,107514.66,0.0679361486254597,3652.0659605878827,104289.2202,113965.5396,signal,
close_long,107554.82,,10958.926197492448,,,signal,2.728315728798699
buy,107597.84,0.06790053404722901,3652.975399164149,104369.90479999999,114053.7104,signal,
close_long,107752.55,,10969.431089114896,,,signal,10.504891622447236
buy,107993.57,0.06771656923101932,3656.4770297049645,104753.7629,114473.18420000002,signal,
close_long,107592.58,,10942.27742201895,,,signal,-27.15366709594679
buy,107199.99,0.06804899529075796,3647.4258073396486,103983.9903,113631.9894,signal,
close_long,107016.04,,10929.759809335214,,,signal,-12.517612683735718
buy,106891.75,0.06816715545920811,3643.2532697784054,103684.9975,113305.255,signal,
close_long,106724.42,,10918.353399212225,,,signal,-11.406410122989412
buy,106794.31,0.06815814687263286,3639.451133070741,103590.4807,113201.96860000001,signal,
close_long,106156.42,,10874.87599890364,,,signal,-43.47740030858373
buy,106548.0,0.06804367358000551,3624.9586663012133,103351.56,112940.88,signal,
close_long,106303.6,,10858.246125080688,,,signal,-16.629873822952952
buy,106478.9,0.06798371085777363,3619.415375026896,103284.533,112867.634,signal,
close_long,106209.84,,10839.954427837296,,,signal,-18.291697243392417
buy,105965.57,0.06819796548279657,3613.318142612432,102786.6029,112323.50420000001,signal,
close_long,105460.0,,10805.475582428158,,,signal,-34.47884540913794
buy,105731.72,0.0681314026508359,3601.825194142719,102559.7684,112075.6232,signal,
close_long,105549.19,,10793.039557502301,,,signal,-12.436024925856998
buy,105251.8,0.06836329359689368,3597.679852500767,102094.246,111566.90800000001,signal,
close_long,104839.31,,10764.84038252652,,,signal,-28.19917497578303
buy,105429.88,0.06806950984879884,3588.2801275088395,102266.9836,111755.67280000001,signal,
close_long,105495.59,,10769.313230018684,,,signal,4.472847492164017
buy,105499.99,0.06805253870967941,3589.7710766728933,102334.9903,111829.9894,signal,
close_long,104189.46,,10680.128336463487,,,signal,-89.18489355519607
buy,104260.0,0.06829163205104859,3560.042778821162,101132.2,110515.6,signal,
close_long,104354.89,,10686.608529428811,,,signal,6.480192965323961
buy,104112.14,0.06843011474248703,3562.202843142938,100988.7758,110358.8684,signal,
close_long,103855.04,,10669.015146928517,,,signal,-17.593382500293814
buy,104067.4,0.06834682873425312,3556.3383823095055,100945.378,110311.444,signal,
close_long,103656.03,,10640.899311992107,,,signal,-28.115834936409385
buy,103965.3,0.06823365944850258,3546.9664373307014,100846.341,110203.21800000001,signal,
close_long,103797.57,,10629.45448029281,,,signal,-11.44483169929706
buy,104048.79,0.0681055780356684,3543.151493430937,100927.32629999999,110291.7174,signal,
close_long,103851.78,,10616.037000364004,,,signal,-13.417479928806674
buy,103726.43,0.06823099956532458,3538.679000121334,100614.63709999999,109950.0158,signal,
close_long,103637.16,,10609.946019032808,,,signal,-6.0909813311958105
buy,103560.29,0.0683012508561136,3536.6486730109355,100453.48129999998,109773.9074,signal,
close_long,103403.66,,10599.247994111216,,,signal,-10.698024921592397
buy,103410.0,0.06833154752352266,3533.0826647037375,100307.7,109614.6,signal,
close_long,104418.14,,10668.13576043158,,,signal,68.8877663203641
buy,104487.81,0.06806622233688683,3556.045253477193,101353.17569999999,110757.07860000001,signal,
close_long,104462.18,,10666.391223153085,,,signal,-1.7445372784947264
buy,104470.65,0.0680662701160762,3555.4637410510286,101336.5305,110738.889,signal,
close_long,104279.86,,10653.40485947764,,,signal,-12.986363675445743
buy,104113.21,0.06821679887036838,3551.134953159213,100989.8137,110360.0026,signal,
close_long,104056.31,,10649.523323621914,,,signal,-3.8815358557245565
buy,104137.32,0.06817615640337146,3549.84110787397,101013.2004,110385.55920000002,signal,
close_long,104207.55,,10654.311335086122,,,signal,4.7880114642085
buy,104301.96,0.06809914428636574,3551.4371116953744,101172.90120000001,110560.07760000002,signal,
close_long,104178.04,,10645.872489126155,,,signal,-8.438845959967313
buy,103952.38,0.06827403399599032,3548.624163042051,100833.8086,110189.5228,signal,
close_long,103795.41,,10635.155514009804,,,signal,-10.71697511635068
buy,103850.54,0.06827218882065068,3545.051838003268,100735.0238,110081.5724,signal,
close_long,105391.93,,10740.389583136068,,,signal,105.23406912626272
buy,105234.39,0.06804106264207653,3580.129861045356,102077.35829999999,111548.4534,signal,
close_long,105077.52,,10729.715981639405,,,signal,-10.67360149666223
buy,104857.19,0.06821796376347301,3576.5719938798,101711.4743,111148.6214,signal,
close_long,104700.04,,10718.995528633975,,,signal,-10.720453005430379
buy,104875.44,0.0681379455389109,3572.998509544658,101729.1768,111167.9664,signal,
close_long,104746.41,,10710.20368952109,,,signal,-8.791839112885594
buy,104784.31,0.06814126841140683,3570.067896507029,101640.78069999999,111071.3686,signal,
close_long,104549.71,,10694.217747951774,,,signal,-15.985941569315447
buy,104612.4,0.06815137114371256,3564.7392493172592,101474.02799999999,110889.144,signal,
close_long,104304.83,,10673.256430729103,,,signal,-20.961317222671155
buy,104381.43,0.06816829667070796,3557.7521435763674,101249.98709999998,110644.3158,signal,
close_long,104020.19,,10648.631315239778,,,signal,-24.62511548932591
buy,104059.37,0.06822151184937202,3549.543771746591,100937.58889999999,110302.9322,signal,
close_long,104025.03,,10646.288588522872,,,signal,-2.3427267169071966
buy,104275.44,0.06806517168071326,3548.7628628409566,101147.1768,110531.9664,signal,
close_long,103931.52,,10622.87961467844,,,signal,-23.408973844430786
buy,104113.21,0.06802133699574685,3540.9598715594793,100989.8137,110360.0026,signal,
close_long,104093.87,,10621.564082020941,,,signal,-1.3155326574984962
buy,104176.62,0.06797151531070307,3540.521360673645,101051.32139999999,110427.2172,signal,
close_long,105411.62,,10705.508903429658,,,signal,83.9448214087183
buy,105559.48,0.06761122672847358,3568.5029678098854,102392.69559999999,111893.0488,signal,
close_long,105202.66,,10681.383865508404,,,signal,-24.125037921253433
buy,105243.25,0.06766156097427249,3560.4612885028,102085.9525,111557.845,signal,
close_long,105154.95,,10675.409349674375,,,signal,-5.974515834028458
buy,105192.2,0.06765653315026765,3558.469783224791,102036.434,111503.732,signal,
close_long,105166.92,,10673.698992516336,,,signal,-1.7103571580386874
buy,105358.14,0.06753915101713283,3557.8996641721133,102197.3958,111679.6284,signal,
close_long,105238.1,,10665.591592828241,,,signal,-8.107399688096192
buy,104999.99,0.06771804830856487,3555.197197609413,101849.9903,111299.9894,signal,
close_long,105759.96,,10717.055278001302,,,signal,51.46368517306012
buy,105980.0,0.06741558330503429,3572.3517593337683,102800.59999999999,112338.8,signal,
close_long,105621.46,,10692.884094763116,,,signal,-24.17118323818656
buy,105515.45,0.06755967392935106,3564.2946982543717,102349.9865,111846.37700000001,signal,
close_long,105367.93,,10682.917691665058,,,signal,-9.966403098058143
buy,105495.4,0.06750953243247294,3560.972563888352,102330.53799999999,111825.124,signal,
close_long,105308.0,,10670.266405287213,,,signal,-12.651286377845036
buy,105479.11,0.0674399977100503,3556.75546842907,102314.7367,111807.8566,signal,
close_long,105288.01,,10657.378621724823,,,signal,-12.887783562391004
buy,105358.23,0.06743582424600227,3552.4595405749405,102197.4831,111679.7238,signal,
close_long,105361.0,,10657.565418957985,,,signal,0.18679723316170105
buy,105439.13,0.0673852640157279,3552.521806319329,102275.9561,111765.47780000001,signal,
close_long,105337.24,,10650.699534407424,,,signal,-6.865884550562477
buy,105332.31,0.06741014562646178,3550.233178135808,102172.3407,111652.2486,signal,
close_long,105024.01,,10629.916986510785,,,signal,-20.782547896638363
buy,104964.88,0.06751411828737883,3543.305662170261,101815.9336,111262.7728,signal,
close_long,104767.56,,10616.59510069032,,,signal,-13.321885820466061
buy,104809.53,0.06752945144517755,3538.86503356344,101665.2441,111098.1018,signal,
close_long,105116.11,,10637.298279914383,,,signal,20.70317922406265
buy,105002.54,0.06753676803065516,3545.7660933047937,101852.4638,111302.6924,signal,
close_long,104800.0,,10623.619382917455,,,signal,-13.678896996928463
buy,104767.39,0.06760131107537345,3541.2064609724857,101624.3683,111053.43340000001,signal,
close_long,104549.83,,10608.912041679898,,,signal,-14.707341237558092
buy,104616.5,0.06760509124073735,3536.3040138932984,101478.00499999999,110893.49,signal,
close_long,104640.09,,10610.506845782267,,,signal,1.594804102368758
buy,104685.91,0.06757042309248218,3536.8356152607557,101545.3327,110967.06460000001,signal,
close_long,104509.83,,10598.609045684143,,,signal,-11.89780009812438
buy,104452.93,0.0676452002235785,3532.8696818947137,101319.3421,110720.1058,signal,
close_long,104531.49,,10603.92325261371,,,signal,5.314206929565154
buy,104583.99,0.06759430548030478,3534.641084204569,101446.4703,110859.02940000001,signal,
close_long,103847.29,,10554.126527766368,,,signal,-49.796724847341316
buy,103566.65,0.06793774204190486,3518.0421759221217,100459.65049999999,109780.649,signal,
close_long,102736.39,,10497.720538058657,,,signal,-56.405989707711576
buy,103183.68,0.06782545804439008,3499.240179352885,100088.1696,109374.70079999999,signal,
close_long,102634.14,,10460.447735844944,,,signal,-37.27280221371369
buy,102093.02,0.068306646467081,3486.8159119483144,99030.2294,108218.6012,signal,
close_long,101800.01,,10440.433205363624,,,signal,-20.01453048132004
buy,101018.81,0.06890091858710026,3480.144401787875,97988.2457,107079.93860000001,signal,
close_long,100489.24,,10403.945345907454,,,signal,-36.48785945617016
buy,100779.04,0.06882347325335013,3467.9817819691516,97755.66879999998,106825.7824,signal,
close_long,104512.11,,10660.86818920534,,,signal,256.92284329788424
buy,104668.32,0.0679025464387909,3553.6227297351124,101528.27040000001,110948.41920000002,signal,
close_long,104581.4,,10654.966099868878,,,signal,-5.902089336460574
buy,104567.43,0.06793043238459547,3551.6553666229593,101430.4071,110841.4758,signal,
close_long,104482.65,,10649.206957811311,,,signal,-5.759142057565924
buy,104276.66,0.06808303320424285,3549.7356526037693,101148.3602,110533.2596,signal,
close_long,104295.04,,10650.458323961604,,,signal,1.2513661502933098
buy,104320.91,0.06806215119584114,3550.1527746538686,101191.2827,110580.1646,signal,
close_long,104288.44,,10648.248345912274,,,signal,-2.209978049329041
buy,104218.17,0.0681151111232157,3549.4161153040905,101091.6249,110471.2602,signal,
close_long,104782.87,,10686.712949163553,,,signal,38.464603251279705
buy,104848.09,0.0679504538369976,3562.2376497211835,101702.6473,111138.9754,signal,
close_long,105453.82,,10727.872577566239,,,signal,41.15962840268527
buy,105781.18,0.06761046768159353,3575.9575258554123,102607.74459999999,112128.0508,signal,
close_long,105602.97,,10715.823716120703,,,signal,-12.04886144553623
buy,105507.87,0.06770947491797345,3571.9412387068996,102342.63389999999,111838.3422,signal,
close_long,105434.79,,10710.875507693698,,,signal,-4.948208427005619
buy,105547.89,0.06765254778466721,3570.2918358978986,102381.4533,111880.76340000001,signal,
close_long,105489.41,,10706.919186699251,,,signal,-3.956320994447063
buy,105477.41,0.06767274741071257,3568.9730622330835,102313.0877,111806.0546,signal,
close_long,105465.49,,10706.112527550116,,,signal,-0.8066591491355756
buy,105446.83,0.06768727283409162,3568.704175850039,102283.4251,111773.6398,signal,
close_long,105373.81,,10701.170002887771,,,signal,-4.942524662345646
buy,105084.1,0.06788956022137044,3567.0566676292574,101931.577,111389.14600000001,signal,
close_long,106093.02,,10769.665137986316,,,signal,68.49513509854495
buy,105675.51,0.06794172801870127,3589.8883793287705,102505.2447,112016.0406,signal,
close_long,105614.48,,10765.518654325335,,,signal,-4.146483660981259
buy,105740.89,0.06787357696929627,3588.506218108444,102568.6633,112085.3434,signal,
close_long,105582.29,,10754.753905018004,,,signal,-10.764749307330783
buy,105690.82,0.06783783053891217,3584.917968339335,102520.0954,112032.26920000001,signal,
close_long,105590.92,,10747.976905747166,,,signal,-6.776999270837917
buy,105708.85,0.06778351989606146,3582.658968582389,102537.5845,112051.38100000001,signal,
close_long,105546.03,,10736.940393037688,,,signal,-11.0365127094772
buy,105574.21,0.06780027302146163,3578.980131012563,102406.9837,111908.66260000001,signal,
close_long,109679.16,,11015.257123777137,,,signal,278.31673073944876
buy,109647.72,0.0669736201462717,3671.752374592379,106358.2884,116226.58320000001,signal,
close_long,109498.78,,11005.28207279255,,,signal,-9.975050984585863
buy,109458.89,0.06702840413597319,3668.4273575975158,106175.12329999999,116026.4234,signal,
close_long,109409.49,,11001.970869628232,,,signal,-3.3112031643166855
buy,109475.31,0.06699818659037204,3667.3236232094096,106191.05069999999,116043.82860000001,signal,
close_long,109415.09,,10997.93623883176,,,signal,-4.034630796472283
buy,109314.65,0.06707204837187429,3665.978746277253,106035.21049999999,115873.529,signal,
close_long,109373.64,,11001.892818965218,,,signal,3.9565801334572157
buy,109394.36,0.0670472884766955,3667.2976063217384,106112.5292,115958.02160000001,signal,
close_long,109171.97,,10986.982172480886,,,signal,-14.910646484332274
buy,109267.76,0.06703399778355414,3662.327390826961,105989.7272,115823.8256,signal,
close_long,109094.71,,10975.381939164443,,,signal,-11.600233316443262
buy,109163.77,0.06702701173453697,3658.4606463881473,105888.8569,115713.59620000001,signal,
close_long,108837.97,,10953.544538741331,,,signal,-21.83740042311234
buy,108934.63,0.06703435836544866,3651.181512913776,105666.5911,115470.7078,signal,
close_long,108770.6,,10942.548892938647,,,signal,-10.995645802684466
buy,108894.45,0.06699177593800631,3647.516297646215,105627.61649999999,115428.117,signal,
close_long,109582.12,,10988.617127497935,,,signal,46.06823455928868
buy,109657.97,0.0668054018478118,3662.872375832645,106368.2309,116237.44820000001,signal,
close_long,109643.75,,10987.667154683659,,,signal,-0.9499728142759615
buy,109727.88,0.06675706699569674,3662.5557182278862,106436.0436,116311.5528,signal,
close_long,109636.05,,10981.536853221443,,,signal,-6.130301462214948
buy,109626.46,0.06678154679823006,3660.5122844071466,106337.6662,116204.04760000002,signal,
close_long,109468.03,,10970.9566527622,,,signal,-10.580200459244095
buy,109564.29,0.06675506318565536,3656.9855509207327,106277.36129999999,116138.1474,signal,
close_long,109456.35,,10963.751111241942,,,signal,-7.205541520258823
buy,109535.67,0.0667286501967316,3654.583703747314,106249.5999,116107.8102,signal,
close_long,109512.23,,10962.18699168133,,,signal,-1.5641195606115441
buy,109554.3,0.0667077847343362,3654.062330560442,106267.671,116127.558,signal,
close_long,109268.02,,10943.089887067585,,,signal,-19.09710461374569
buy,109347.93,0.06671725068819372,3647.6966290225264,106067.49209999999,115908.8058,signal,
close_long,109273.58,,10938.129459478918,,,signal,-4.9604275886666205
buy,109252.09,0.06674550854193526,3646.0431531596387,105974.52729999999,115807.2154,signal,
close_long,109166.38,,10932.40870194179,,,signal,-5.720757537128727
buy,109581.6,0.06651000229930201,3644.1362339805955,106294.152,116156.49600000001,signal,
close_long,109288.63,,10912.923266568163,,,signal,-19.485435373626586
buy,108754.72,0.0668962430109894,3637.641088856054,105492.0784,115280.0032,signal,
close_long,108628.71,,10904.493670986349,,,signal,-8.429595581814423
buy,108725.86,0.06686231267634243,3634.831223662116,105464.0842,115249.4116,signal,
close_long,108559.39,,10893.363101795117,,,signal,-11.130569191230803
buy,108688.0,0.06681733096444328,3631.121033931706,105427.36,115209.28,signal,
close_long,108849.06,,10904.12470112025,,,signal,10.76159932513308
buy,108692.63,0.06688049104537723,3634.7082337067495,105431.8511,115214.18780000001,signal,
close_long,108520.96,,10892.64332722249,,,signal,-11.481373897759791
buy,108658.87,0.06683082769173218,3630.881109074163,105399.10389999999,115178.4022,signal,
close_long,108470.7,,10880.067770375736,,,signal,-12.575556846753127
buy,107897.0,0.06722502491805911,3626.689256791912,104660.09,114370.82,signal,
close_long,107729.4,,10868.800856199468,,,signal,-11.266914176267099
buy,107610.04,0.06733449069869608,3622.9336187331555,104381.73879999999,114066.6424,signal,
close_long,107660.61,,10872.205961394102,,,signal,3.4051051946335313
buy,107687.62,0.06730706192221603,3624.0686537980328,104456.9914,114148.8772,signal,
close_long,107564.0,,10863.885462399277,,,signal,-8.320498994824032
buy,106955.57,0.06771587780109241,3621.295154133092,103746.9029,113372.90420000002,signal,
close_long,106988.54,,10866.11805489038,,,signal,2.2325924911011104
buy,107128.0,0.06762077797830869,3622.0393516301256,103914.16,113555.68000000001,signal,
close_long,107074.14,,10862.475999788468,,,signal,-3.6420551019117453
buy,106902.0,0.06774102137027975,3620.825333262823,103694.94,113316.12000000001,signal,
close_long,106459.82,,10832.52227495896,,,signal,-29.953724829509827
buy,106128.47,0.068046599716733,3610.840758319652,102944.6159,112496.17820000001,signal,
close_long,105780.01,,10808.810756821666,,,signal,-23.71151813729322
buy,105957.15,0.06800743355102616,3602.9369189405543,102778.43549999999,112314.579,signal,
close_long,105775.31,,10796.444285104746,,,signal,-12.36647171691836
buy,106066.67,0.06785948426025976,3598.81476170158,102884.6699,112430.67020000001,signal,
close_long,105671.73,,10769.643860391,,,signal,-26.800424713747145
buy,103266.1,0.0695268105757262,3589.881286797,100168.117,109462.066,signal,
close_long,103168.2,,10762.837185635635,,,signal,-6.8066747553642015
buy,103704.58,0.06918908297419224,3587.612395211878,100593.4426,109926.8548,signal,
close_long,104988.93,,10851.700184353538,,,signal,88.8629987179032
buy,105025.34,0.06888305993171769,3617.233394784512,101874.57979999999,111326.8604,signal,
close_long,105010.33,,10850.666249623962,,,signal,-1.0339347295747217
buy,105132.36,0.06880638368385632,3616.8887498746535,101978.38919999999,111440.3016,signal,
close_long,105341.3,,10865.042655430869,,,signal,14.3764058069051
buy,105404.98,0.06871935054953994,3621.6808851436226,102242.83059999999,111729.2788,signal,
close_long,105265.03,,10855.42538232146,,,signal,-9.617273109407915
buy,105280.42,0.06873975478898141,3618.475127440486,102122.0074,111597.2452,signal,
close_long,105200.01,,10849.898018638878,,,signal,-5.527363682582235
buy,105271.67,0.06871046451300006,3616.6326728796257,102113.5199,111587.97020000001,signal,
close_long,105286.6,,10850.923865874058,,,signal,1.0258472351796109
buy,105308.82,0.06869271960236606,3616.9746219580184,102149.5554,111627.34920000001,signal,
close_long,105272.67,,10848.440624060433,,,signal,-2.4832418136261327
buy,105048.91,0.06884691853893223,3616.1468746868104,101897.4427,111351.84460000001,signal,
close_long,104909.78,,10838.86195228411,,,signal,-9.578671776321961
buy,105006.84,0.06881368840534015,3612.9539840947027,101856.6348,111307.2504,signal,
close_long,104912.02,,10832.337038349517,,,signal,-6.524913934593832
buy,105044.09,0.06874787554032165,3610.7790127831713,101892.76729999999,111346.7354,signal,
close_long,105010.66,,10830.038796870205,,,signal,-2.2982414793124724
buy,104977.5,0.06877688899602427,3610.0129322900675,101828.175,111276.15000000001,signal,
close_long,104953.64,,10828.397780298761,,,signal,-1.6410165714451792
buy,104979.33,0.06876526887276292,3609.4659267662546,101829.9501,111278.0898,signal,
close_long,104972.41,,10827.921924638162,,,signal,-0.4758556605993993
buy,105014.28,0.06873936207938046,3609.3073082127203,101863.8516,111315.13680000001,signal,
close_long,104760.0,,10810.442879648617,,,signal,-17.479044989544782
buy,104841.3,0.06874163063378406,3603.4809598828715,101696.061,111131.778,signal,
close_long,104773.95,,10805.81313082543,,,signal,-4.629748823185757
buy,104630.85,0.06885039565816665,3601.937710275143,101491.92450000001,110908.70100000002,signal,
close_long,104506.36,,10797.241945069945,,,signal,-8.571185755485528
buy,104571.1,0.06883509207336727,3599.0806483566485,101433.967,110845.36600000001,signal,
close_long,104610.84,,10799.97745162894,,,signal,2.7355065589949743
buy,104701.17,0.0687669962785767,3599.9924838763136,101560.13489999999,110983.2402,signal,
close_long,105281.86,,10839.909758697948,,,signal,39.93230706900687
buy,105004.76,0.06882170394750327,3613.3032528993153,101854.6172,111305.0456,signal,
close_long,105486.01,,10873.030203722683,,,signal,33.12044502473595
buy,105499.99,0.06870793828967936,3624.3434012408934,102334.9903,111829.9894,signal,
close_long,105338.03,,10861.902266037287,,,signal,-11.127937685396908
buy,104800.77,0.06909556272685966,3620.634088679095,101656.7469,111088.81620000002,signal,
close_long,104578.04,,10846.512611351132,,,signal,-15.389654686154175
buy,104672.53,0.06908219766511255,3615.5042037837093,101532.3541,110952.8818,signal,
close_long,106686.18,,10985.619978679486,,,signal,139.1073673283535
buy,106883.1,0.06852109128995128,3661.873326226494,103676.607,113296.08600000001,signal,
close_long,106769.62,,10977.8442052399,,,signal,-7.7757734395843885
buy,106781.0,0.06853806204749223,3659.2814017466326,103577.56999999999,113187.86,signal,
close_long,106651.99,,10969.002109855155,,,signal,-8.842095384746614
buy,106660.0,0.06856054822085852,3656.3340366183847,103460.2,113059.6,signal,
close_long,106610.17,,10965.58573773731,,,signal,-3.4163721178455
buy,106758.64,0.06847586754406833,3655.195245912436,103555.8808,113164.1584,signal,
close_long,107347.51,,11005.909121857985,,,signal,40.3233841206752
buy,106671.55,0.06878378300404675,3668.6363739526614,103471.4035,113071.84300000001,signal,
close_long,107049.04,,11031.874312104183,,,signal,25.96519024619697
buy,107308.0,0.06853713492690315,3677.2914373680596,104088.76,113746.48000000001,signal,
close_long,107024.56,,11012.4481465805,,,signal,-19.42616552368159
buy,106656.0,0.0688346843845666,3670.816048860165,103456.31999999999,113055.36,signal,
close_long,106552.61,,11005.33132856198,,,signal,-7.1168180185203
buy,106636.11,0.06880303072171945,3668.443776187326,103437.0267,113034.27660000001,signal,
close_long,106455.72,,10992.91994985009,,,signal,-12.411378711890931
buy,106158.66,0.06903453095489392,3664.306649950029,102973.9002,112528.1796,signal,
close_long,105961.86,,10979.333954158166,,,signal,-13.585995691923324
buy,105956.01,0.06908108345566032,3659.777984719388,102777.32969999999,112313.3706,signal,
close_long,105722.77,,10963.221482252968,,,signal,-16.11247190519757
buy,105717.82,0.06913512141568923,3654.4071607509886,102546.28540000001,112060.88920000002,signal,
close_long,105495.99,,10947.885238269326,,,signal,-15.336243983642461
buy,105599.99,0.06911544365530922,3649.2950794231083,102431.9903,111935.9894,signal,
close_long,105317.85,,10928.385006996417,,,signal,-19.500231272908902
buy,105672.55,0.06894496257225058,3642.795002332139,102502.3735,112012.903,signal,
close_long,105288.07,,10901.877047786638,,,signal,-26.507959209778623
buy,104585.36,0.06949269029487262,3633.959015928879,101447.7992,110860.4816,signal,
close_long,103871.2,,10852.248148085651,,,signal,-49.62889970098647
buy,103688.66,0.06977457417931496,3617.416049361884,100578.0002,109909.9796,signal,
close_long,103680.96,,10851.71088386447,,,signal,-0.5372642211805221
buy,103928.58,0.06961005262052378,3617.2369612881557,100810.7226,110164.2948,signal,
close_long,104483.08,,10890.309658042552,,,signal,38.59877417808043
buy,104596.15,0.06941179420748313,3630.1032193475157,101458.2655,110871.919,signal,
close_long,104930.26,,10913.500832605214,,,signal,23.191174562662226
buy,105137.64,0.06920135568704805,3637.8336108684034,101983.5108,111445.8984,signal,
close_long,104924.58,,10898.756791762531,,,signal,-14.744040842682296
buy,104788.27,0.06933827480093928,3632.9189305875097,101644.6219,111075.56620000002,signal,
close_long,104500.81,,10878.824811288254,,,signal,-19.93198047427845
buy,104380.6,0.06948177989197388,3626.2749370960846,101249.182,110643.43600000002,signal,
close_long,103919.96,,10846.818724198816,,,signal,-32.00608708943881
buy,104206.77,0.06939292411423183,3615.606241399606,101080.5669,110459.17620000002,signal,
close_long,103941.07,,10828.381024261664,,,signal,-18.437699937151194
buy,104319.71,0.06919996885383509,3609.460341420555,101190.1187,110578.8926,signal,
close_long,103819.11,,10793.739519853432,,,signal,-34.64150440823025
buy,104140.01,0.0690976152832034,3597.913173284477,101015.8097,110388.4106,signal,
close_long,103808.41,,10770.826750625522,,,signal,-22.912769227909646
buy,104021.96,0.0690291854439551,3590.275583541841,100901.3012,110263.27760000002,signal,
close_long,104706.07,,10818.050306679586,,,signal,47.22355605406416
buy,104743.44,0.0688542741940344,3606.016768893195,101601.1368,111028.0464,signal,
close_long,104711.85,,10815.875200157796,,,signal,-2.1751065217893064
buy,104785.15,0.06881302805571081,3605.2917333859305,101641.5955,111072.259,signal,
close_long,104561.14,,10800.460393743037,,,signal,-15.414806414759418
buy,104476.46,0.06891798333482993,3600.1534645810107,101342.1662,110745.0476,signal,
close_long,104350.0,,10791.745025570513,,,signal,-8.715368172523034
buy,104389.06,0.06892002556315457,3597.248341856837,101257.3882,110652.4036,signal,
close_long,104128.25,,10773.769993703387,,,signal,-17.975031867126184
buy,104292.67,0.06886882202877337,3591.2566645677953,101163.8899,110550.2302,signal,
close_long,104096.93,,10760.289610479475,,,signal,-13.48038322391246
buy,104253.9,0.0688082307423158,3586.7632034931576,101126.283,110509.134,signal,
close_long,104150.71,,10753.189289149177,,,signal,-7.100321330298727
buy,104283.97,0.0687429991343136,3584.396429716391,101155.4509,110541.00820000001,signal,
close_long,104596.63,,10774.682475258513,,,signal,21.49318610933473
buy,104360.0,0.0688302189552735,3591.5608250861706,101229.2,110621.6,signal,
close_long,105932.77,,10882.936578724799,,,signal,108.25410346628578
buy,105994.0,0.06845001653379626,3627.6455262415984,102814.18,112353.64,signal,
close_long,103780.01,,10731.38892661914,,,signal,-151.54765210565995
buy,102980.69,0.06947185229010176,3577.1296422063797,99891.2693,109159.5314,signal,
close_long,103076.0,,10738.010288860909,,,signal,6.621362241769437
buy,103139.39,0.06940775513513578,3579.336762953637,100045.2083,109327.7534,signal,
close_long,103145.03,,10738.40174859987,,,signal,0.3914597389621254
buy,103221.0,0.06935540732086087,3579.4672495332898,100124.37,109414.26000000001,signal,
close_long,103248.07,,10740.279199476046,,,signal,1.8774508761761883
buy,103256.99,0.06934335518577514,3580.0930664920143,100159.2803,109452.4094,signal,
close_long,103396.29,,10749.938728853424,,,signal,9.65952937737767
buy,103405.28,0.06930618841934973,3583.312909617808,100303.1216,109609.5968,signal,
close_long,103424.25,,10751.253467247738,,,signal,1.314738394315145
buy,103477.42,0.06926634150231512,3583.7511557492453,100373.0974,109686.0652,signal,
close_long,103774.55,,10771.83457529832,,,signal,20.581108050583214
buy,103663.3,0.0692744978232304,3590.61152509944,100553.401,109883.09800000001,signal,
close_long,103479.99,,10759.135867102344,,,signal,-12.698708195976204
buy,103549.99,0.06926854599150513,3586.378622367448,100443.4903,109762.9894,signal,
close_long,103460.63,,10752.946029832543,,,signal,-6.189837269800939
buy,103530.91,0.06924145346114537,3584.3153432775134,100424.98270000001,109742.76460000001,signal,
close_long,103427.3,,10745.771922839434,,,signal,-7.174106993109311
buy,103549.99,0.06918250739145049,3581.92397427981,100443.4903,109762.9894,signal,
close_long,103467.51,,10740.065749629786,,,signal,-5.706173209647561
buy,103520.3,0.06916560165577693,3580.021916543262,100414.691,109731.51800000001,signal,
close_long,103449.18,,10735.146692040027,,,signal,-4.919057589759539
buy,103321.79,0.06926674868253849,3578.3822306800093,100222.1363,109521.0974,signal,
close_long,103072.54,,10717.881954930905,,,signal,-17.264737109122716
buy,102423.86,0.0697616223077377,3572.6273183103012,99351.1442,108569.29160000001,signal,
close_long,102311.99,,10710.077722243339,,,signal,-7.804232687566293
buy,102282.61,0.06980709443011762,3570.025907414446,99214.1317,108419.5666,signal,
close_long,101592.17,,10661.880111965009,,,signal,-48.19761027833057
buy,101701.09,0.06989030377789796,3553.960037321669,98650.0573,107803.1554,signal,
close_long,102333.85,,10706.103900583512,,,signal,44.22378861850336
buy,102419.82,0.06968770888670775,3568.7013001945033,99347.22540000001,108565.00920000001,signal,
close_long,102503.8,,10711.956274375818,,,signal,5.852373792305433
buy,102359.28,0.06976704196158094,3570.6520914586054,99288.5016,108500.8368,signal,
close_long,100917.18,,10611.345223163022,,,signal,-100.61105121279628
buy,101010.0,0.07003494850782446,3537.1150743876724,97979.7,107070.6,signal,
close_long,100451.45,,10572.227202673977,,,signal,-39.118020489045556
buy,99518.39,0.07082260342484759,3524.0757342246598,96532.8383,105489.4934,signal,
close_long,98714.84,,10515.317699691941,,,signal,-56.909502982036486
buy,98880.01,0.07089614776328024,3505.105899897314,95913.60969999999,104812.8106,signal,
close_long,98392.91,,10480.784186116449,,,signal,-34.53351357549318
buy,98602.41,0.07086225841144214,3493.5947287054814,95644.3377,104518.5546,signal,
close_long,101395.83,,10678.73223600814,,,signal,197.94804989169057
buy,101427.71,0.0701894464935216,3559.5774120027136,98384.8787,107513.37260000002,signal,
close_long,101325.96,,10671.590459827425,,,signal,-7.141776180715823
buy,101343.37,0.07020087885260724,3557.1968199424737,98303.0689,107423.9722,signal,
close_long,101291.42,,10667.94352417103,,,signal,-3.646935656392742
buy,101682.6,0.0699427665052561,3555.9811747236763,98632.122,107783.55600000001,signal,
close_long,100864.81,,10610.745029150698,,,signal,-57.19849502033396
buy,100650.0,0.07028147063520912,3536.9150097168995,97630.5,106689.0,signal,
close_long,104962.67,,10913.845819115046,,,signal,303.1007899643472
buy,105016.56,0.06928333219773496,3637.9486063716813,101866.06319999999,111317.5536,signal,
close_long,104919.6,,10907.128107225155,,,signal,-6.717711889891817
buy,104917.51,0.0693060551870713,3635.7093690750507,101769.98469999999,111212.5606,signal,
close_long,104811.14,,10899.756022134907,,,signal,-7.372085090248451
buy,104915.07,0.06926082225133726,3633.2520073783007,101767.6179,111209.97420000001,signal,
close_long,104788.0,,10890.95504945143,,,signal,-8.800972683477909
buy,104900.98,0.0692141932290269,3630.318349817144,101753.9506,111195.0388,signal,
close_long,105005.89,,10898.216310463087,,,signal,7.261261011657454
buy,105219.62,0.06905059665021339,3632.738770154362,102063.03139999999,111532.7972,signal,
close_long,104946.0,,10879.322686207655,,,signal,-18.893624255431067
buy,105167.88,0.0689647998115499,3626.440895402552,102012.84360000001,111477.95280000001,signal,
close_long,105378.65,,10893.858397063934,,,signal,14.535710856279652
buy,105461.0,0.06886500473833256,3631.286132354644,102297.17,111788.66,signal,
close_long,106050.02,,10934.421262154907,,,signal,40.56286509097292
buy,106149.61,0.06867301890953663,3644.8070873849683,102965.1217,112518.58660000001,signal,
close_long,106056.82,,10928.049092730293,,,signal,-6.372169424615464
buy,106144.29,0.06863643877424021,3642.683030910096,102959.9613,112512.9474,signal,
close_long,106130.41,,10927.096418960107,,,signal,-0.9526737701857749
buy,106188.46,0.06860190783417901,3642.365472986703,103002.8062,112559.7676,signal,
close_long,107175.24,,10994.791409572717,,,signal,67.69499061261108
buy,107186.3,0.06838430787997295,3664.9304698575725,103970.711,113617.478,signal,
close_long,107001.92,,10982.182710885809,,,signal,-12.608698686909731
buy,107402.53,0.06816836754767824,3660.72757029527,104180.4541,113846.6818,signal,
close_long,107198.59,,10968.280454008134,,,signal,-13.90225687767366
buy,107268.89,0.0681668932095667,3656.0934846693763,104050.8233,113705.0234,signal,
close_long,107205.27,,10963.94367626214,,,signal,-4.3367777459923165
buy,107310.1,0.06811377292701024,3654.6478920873797,104090.797,113748.706,signal,
close_long,107132.15,,10951.82283036978,,,signal,-12.120845892362265
buy,107184.7,0.06811807301085435,3650.60761012326,103969.159,113615.782,signal,
close_long,106922.35,,10933.952053915382,,,signal,-17.870776454397042
buy,107063.05,0.06808419309254614,3644.65068463846,103851.1585,113486.83300000001,signal,
close_long,107063.05,,10933.952053915382,,,signal,0.0
buy,107169.51,0.06801655964720676,3644.65068463846,103954.42469999999,113599.6806,signal,
